Nombre,Dirección,Email,Password
Laura Martínez,"Calle Luna 23, Madrid",laura.martinez@example.com,1234567
Ana Torres,"Av. Sol 45, Valencia",ana.torres@example.com,1234567
Marta López,"C/ Mayor 12, Sevilla",marta.lopez@example.com,1234567
Carmen Ruiz,"Av. Andalucía 78, Málaga",carmen.ruiz@example.com,1234567
Lucía Fernández,"C/ Castilla 9, Bilbao",lucia.fernandez@example.com,1234567
Beatriz Gómez,"C/ Jardines 3, Zaragoza",beatriz.gomez@example.com,1234567
Elena Pérez,"Av. Marina 14, Alicante",elena.perez@example.com,1234567
Paula Ramos,"C/ Olivos 45, Granada",paula.ramos@example.com,1234567
Isabel Navarro,"Av. América 10, Madrid",isabel.navarro@example.com,1234567
Rosa Castro,"C/ Prado 7, Valladolid",rosa.castro@example.com,1234567
Julia Romero,"C/ Encina 5, Murcia",julia.romero@example.com,1234567
Sara Gil,"Av. del Mar 18, Cádiz",sara.gil@example.com,1234567
Claudia Serrano,"C/ Nieve 8, León",claudia.serrano@example.com,1234567
Patricia Molina,"Av. Cataluña 33, Zaragoza",patricia.molina@example.com,1234567
Sandra Herrera,"C/ Río 6, Oviedo",sandra.herrera@example.com,1234567
Teresa Domínguez,"C/ Campo 24, Toledo",teresa.dominguez@example.com,1234567
Raquel Sánchez,"C/ Trébol 13, Santander",raquel.sanchez@example.com,1234567
Nuria Ortega,"Av. Galicia 20, Vigo",nuria.ortega@example.com,1234567
Irene Morales,"C/ Sauce 4, Palma",irene.morales@example.com,1234567
Carla Vega,"Av. Montaña 17, Burgos",carla.vega@example.com,1234567
Alba León,"C/ Estrella 9, Madrid",alba.leon@example.com,1234567
Lorena Iglesias,"Av. Costa 11, Gijón",lorena.iglesias@example.com,1234567
Noelia Suárez,"C/ Verde 2, A Coruña",noelia.suarez@example.com,1234567
Sonia Cano,"Av. Central 5, Pamplona",sonia.cano@example.com,1234567
Verónica Ramos,"C/ Ronda 7, Córdoba",veronica.ramos@example.com,1234567
Daniela Blanco,"Av. Norte 16, Huelva",daniela.blanco@example.com,1234567
Ainhoa Torres,"C/ Jardín 1, Vitoria",ainhoa.torres@example.com,1234567
Silvia Bravo,"Av. Paz 10, Tarragona",silvia.bravo@example.com,1234567
Marina Reyes,"C/ Fuente 14, Lugo",marina.reyes@example.com,1234567
Natalia Castro,"Av. Playa 9, Almería",natalia.castro@example.com,1234567
Eva Nieto,"C/ Sol 6, Madrid",eva.nieto@example.com,1234567
Amaya Rubio,"Av. Jardines 12, Cuenca",amaya.rubio@example.com,1234567
Mónica Cortés,"C/ Roble 18, Guadalajara",monica.cortes@example.com,1234567
Lidia Campos,"Av. Norte 3, Castellón",lidia.campos@example.com,1234567
Rocío Méndez,"C/ Sur 22, Segovia",rocio.mendez@example.com,1234567
Cristina Rivas,"Av. Lago 25, Jaén",cristina.rivas@example.com,1234567
Julia Soler,"C/ Cielo 19, Girona",julia.soler@example.com,1234567
Nerea Rubio,"C/ Tulipán 8, Logroño",nerea.rubio@example.com,1234567
Inés Lozano,"Av. del Puerto 6, Alicante",ines.lozano@example.com,1234567
Carmen Díaz,"C/ Bosque 2, Salamanca",carmen.diaz@example.com,1234567
Tamara Gil,"Av. Mayor 17, Zaragoza",tamara.gil@example.com,1234567
Yolanda Navarro,"C/ Prado 11, León",yolanda.navarro@example.com,1234567
Blanca Ruiz,"Av. Mar 5, Málaga",blanca.ruiz@example.com,1234567
Celia Vega,"C/ Carmen 12, Valencia",celia.vega@example.com,1234567
Belén Ortega,"C/ Horizonte 3, Bilbao",belen.ortega@example.com,1234567
Rebeca Morales,"Av. Faro 4, Cádiz",rebeca.morales@example.com,1234567
Estefanía León,"C/ Lirio 8, Burgos",estefania.leon@example.com,1234567
Vanessa Ramos,"Av. Ronda 10, Sevilla",vanessa.ramos@example.com,1234567
Carolina Pérez,"C/ Travesía 19, Madrid",carolina.perez@example.com,1234567
Sonia Gutiérrez,"Av. Libertad 9, Granada",sonia.gutierrez@example.com,1234567
Miriam Fernández,"C/ Molino 13, Valladolid",miriam.fernandez@example.com,1234567
Andrea Roldán,"Av. Lago 7, Alicante",andrea.roldan@example.com,1234567
Fátima Serrano,"C/ Jardines 15, Toledo",fatima.serrano@example.com,1234567
Carolina López,"C/ Mayor 20, Valencia",carolina.lopez@example.com,1234567
Alicia Vargas,"Av. del Sol 21, Málaga",alicia.vargas@example.com,1234567
Paloma Castro,"C/ Nieve 9, Sevilla",paloma.castro@example.com,1234567
Olga Torres,"Av. Montaña 6, Murcia",olga.torres@example.com,1234567
Teresa Jiménez,"C/ Río 11, Madrid",teresa.jimenez@example.com,1234567
Irene Díaz,"C/ Campo 10, Vigo",irene.diaz@example.com,1234567
Nerea Sánchez,"Av. Jardines 8, Zaragoza",nerea.sanchez@example.com,1234567
admin,,admin@gmail.com,1234567